num,batch,date,isolates,plot,position,measure,value
1,20240423,11d,buffer,1,1,DRI,5
2,20240423,11d,buffer,1,2,DRI,5
3,20240423,11d,buffer,1,3,DRI,5
4,20240423,11d,buffer,1,4,DRI,5
5,20240423,11d,buffer,1,5,DRI,4.5
6,20240423,11d,buffer,1,1,DRI,5
7,20240423,11d,buffer,1,2,DRI,5
8,20240423,11d,buffer,1,3,DRI,5
9,20240423,11d,buffer,1,4,DRI,5
10,20240423,11d,buffer,1,5,DRI,4.5
11,20240423,11d,buffer,2,1,DRI,5
12,20240423,11d,buffer,2,2,DRI,5
13,20240423,11d,buffer,2,3,DRI,5
14,20240423,11d,buffer,2,4,DRI,5
15,20240423,11d,buffer,2,5,DRI,5
16,20240423,11d,buffer,2,1,DRI,5
17,20240423,11d,buffer,2,2,DRI,5
18,20240423,11d,buffer,2,3,DRI,5
19,20240423,11d,buffer,2,4,DRI,5
20,20240423,11d,buffer,2,5,DRI,4.5
21,20240423,11d,4F10,1,1,DRI,5
22,20240423,11d,4F10,1,2,DRI,5
23,20240423,11d,4F10,1,3,DRI,5
24,20240423,11d,4F10,1,4,DRI,5
25,20240423,11d,4F10,1,5,DRI,5
26,20240423,11d,4F10,1,1,DRI,5
27,20240423,11d,4F10,1,2,DRI,5
28,20240423,11d,4F10,1,3,DRI,5
29,20240423,11d,4F10,1,4,DRI,5
30,20240423,11d,4F10,1,5,DRI,5
31,20240423,11d,4F10,2,1,DRI,5
32,20240423,11d,4F10,2,2,DRI,5
33,20240423,11d,4F10,2,3,DRI,5
34,20240423,11d,4F10,2,4,DRI,5
35,20240423,11d,4F10,2,5,DRI,5
36,20240423,11d,4F10,2,1,DRI,5
37,20240423,11d,4F10,2,2,DRI,5
38,20240423,11d,4F10,2,3,DRI,5
39,20240423,11d,4F10,2,4,DRI,5
40,20240423,11d,4F10,2,5,DRI,5
41,20240423,11d,5A12,1,1,DRI,5
42,20240423,11d,5A12,1,2,DRI,5
43,20240423,11d,5A12,1,3,DRI,5
44,20240423,11d,5A12,1,4,DRI,5
45,20240423,11d,5A12,1,5,DRI,5
46,20240423,11d,5A12,1,1,DRI,5
47,20240423,11d,5A12,1,2,DRI,5
48,20240423,11d,5A12,1,3,DRI,5
49,20240423,11d,5A12,1,4,DRI,5
50,20240423,11d,5A12,1,5,DRI,5
51,20240423,11d,5A12,2,1,DRI,5
52,20240423,11d,5A12,2,2,DRI,5
53,20240423,11d,5A12,2,3,DRI,5
54,20240423,11d,5A12,2,4,DRI,5
55,20240423,11d,5A12,2,5,DRI,5
56,20240423,11d,5A12,2,1,DRI,4.5
57,20240423,11d,5A12,2,2,DRI,5
58,20240423,11d,5A12,2,3,DRI,5
59,20240423,11d,5A12,2,4,DRI,5
60,20240423,11d,5A12,2,5,DRI,4.5
61,20240423,11d,10C12,1,1,DRI,5
62,20240423,11d,10C12,1,2,DRI,5
63,20240423,11d,10C12,1,3,DRI,5
64,20240423,11d,10C12,1,4,DRI,5
65,20240423,11d,10C12,1,5,DRI,4
66,20240423,11d,10C12,1,1,DRI,5
67,20240423,11d,10C12,1,2,DRI,5
68,20240423,11d,10C12,1,3,DRI,5
69,20240423,11d,10C12,1,4,DRI,5
70,20240423,11d,10C12,1,5,DRI,5
71,20240423,11d,10C12,2,1,DRI,5
72,20240423,11d,10C12,2,2,DRI,5
73,20240423,11d,10C12,2,3,DRI,5
74,20240423,11d,10C12,2,4,DRI,4.5
75,20240423,11d,10C12,2,5,DRI,4.5
76,20240423,11d,10C12,2,1,DRI,5
77,20240423,11d,10C12,2,2,DRI,5
78,20240423,11d,10C12,2,3,DRI,5
79,20240423,11d,10C12,2,4,DRI,5
80,20240423,11d,10C12,2,5,DRI,4
81,20240423,11d,gl2,1,1,DRI,5
82,20240423,11d,gl2,1,2,DRI,5
83,20240423,11d,gl2,1,3,DRI,5
84,20240423,11d,gl2,1,4,DRI,5
85,20240423,11d,gl2,1,5,DRI,5
86,20240423,11d,gl2,1,1,DRI,5
87,20240423,11d,gl2,1,2,DRI,5
88,20240423,11d,gl2,1,3,DRI,5
89,20240423,11d,gl2,1,4,DRI,5
90,20240423,11d,gl2,1,5,DRI,5
91,20240423,11d,gl2,2,1,DRI,5
92,20240423,11d,gl2,2,2,DRI,5
93,20240423,11d,gl2,2,3,DRI,5
94,20240423,11d,gl2,2,4,DRI,5
95,20240423,11d,gl2,2,5,DRI,5
96,20240423,11d,gl2,2,1,DRI,5
97,20240423,11d,gl2,2,2,DRI,5
98,20240423,11d,gl2,2,3,DRI,5
99,20240423,11d,gl2,2,4,DRI,5
100,20240423,11d,gl2,2,5,DRI,5
101,20240423,11d,AR,1,1,DRI,5
102,20240423,11d,AR,1,2,DRI,5
103,20240423,11d,AR,1,3,DRI,5
104,20240423,11d,AR,1,4,DRI,5
105,20240423,11d,AR,1,5,DRI,4.5
106,20240423,11d,AR,1,1,DRI,5
107,20240423,11d,AR,1,2,DRI,5
108,20240423,11d,AR,1,3,DRI,5
109,20240423,11d,AR,1,4,DRI,5
110,20240423,11d,AR,1,5,DRI,5
111,20240423,11d,AR,2,1,DRI,4.5
112,20240423,11d,AR,2,2,DRI,5
113,20240423,11d,AR,2,3,DRI,5
114,20240423,11d,AR,2,4,DRI,5
115,20240423,11d,AR,2,5,DRI,5
116,20240423,11d,AR,2,1,DRI,5
117,20240423,11d,AR,2,2,DRI,5
118,20240423,11d,AR,2,3,DRI,5
119,20240423,11d,AR,2,4,DRI,5
120,20240423,11d,AR,2,5,DRI,5
121,20240423,11d,DER,2,1,DRI,5
122,20240423,11d,DER,2,2,DRI,5
123,20240423,11d,DER,2,3,DRI,5
124,20240423,11d,DER,2,4,DRI,5
125,20240423,11d,DER,2,5,DRI,4.5
126,20240423,11d,DER,2,1,DRI,5
127,20240423,11d,DER,2,2,DRI,5
128,20240423,11d,DER,2,3,DRI,5
129,20240423,11d,DER,2,4,DRI,5
130,20240423,11d,DER,2,5,DRI,5
131,20240423,11d,DER,1,1,DRI,5
132,20240423,11d,DER,1,2,DRI,5
133,20240423,11d,DER,1,3,DRI,5
134,20240423,11d,DER,1,4,DRI,5
135,20240423,11d,DER,1,5,DRI,5
136,20240423,11d,DER,1,1,DRI,5
137,20240423,11d,DER,1,2,DRI,5
138,20240423,11d,DER,1,3,DRI,5
139,20240423,11d,DER,1,4,DRI,5
140,20240423,11d,DER,1,5,DRI,5
141,20240423,12d,buffer,1,1,DRI,4.5
142,20240423,12d,buffer,1,2,DRI,5
143,20240423,12d,buffer,1,3,DRI,4.5
144,20240423,12d,buffer,1,4,DRI,4
145,20240423,12d,buffer,1,5,DRI,4
146,20240423,12d,buffer,1,1,DRI,3.5
147,20240423,12d,buffer,1,2,DRI,4.5
148,20240423,12d,buffer,1,3,DRI,4
149,20240423,12d,buffer,1,4,DRI,3
150,20240423,12d,buffer,1,5,DRI,3.5
151,20240423,12d,buffer,2,1,DRI,4.5
152,20240423,12d,buffer,2,2,DRI,4.5
153,20240423,12d,buffer,2,3,DRI,5
154,20240423,12d,buffer,2,4,DRI,5
155,20240423,12d,buffer,2,5,DRI,4.5
156,20240423,12d,buffer,2,1,DRI,3.5
157,20240423,12d,buffer,2,2,DRI,4
158,20240423,12d,buffer,2,3,DRI,3.5
159,20240423,12d,buffer,2,4,DRI,4
160,20240423,12d,buffer,2,5,DRI,3
161,20240423,12d,4F10,1,1,DRI,5
162,20240423,12d,4F10,1,2,DRI,5
163,20240423,12d,4F10,1,3,DRI,5
164,20240423,12d,4F10,1,4,DRI,5
165,20240423,12d,4F10,1,5,DRI,5
166,20240423,12d,4F10,1,1,DRI,4.5
167,20240423,12d,4F10,1,2,DRI,5
168,20240423,12d,4F10,1,3,DRI,5
169,20240423,12d,4F10,1,4,DRI,5
170,20240423,12d,4F10,1,5,DRI,5
171,20240423,12d,4F10,2,1,DRI,5
172,20240423,12d,4F10,2,2,DRI,4.5
173,20240423,12d,4F10,2,3,DRI,5
174,20240423,12d,4F10,2,4,DRI,4.5
175,20240423,12d,4F10,2,5,DRI,4.5
176,20240423,12d,4F10,2,1,DRI,5
177,20240423,12d,4F10,2,2,DRI,5
178,20240423,12d,4F10,2,3,DRI,5
179,20240423,12d,4F10,2,4,DRI,5
180,20240423,12d,4F10,2,5,DRI,5
181,20240423,12d,5A12,1,1,DRI,5
182,20240423,12d,5A12,1,2,DRI,5
183,20240423,12d,5A12,1,3,DRI,5
184,20240423,12d,5A12,1,4,DRI,5
185,20240423,12d,5A12,1,5,DRI,5
186,20240423,12d,5A12,1,1,DRI,5
187,20240423,12d,5A12,1,2,DRI,5
188,20240423,12d,5A12,1,3,DRI,5
189,20240423,12d,5A12,1,4,DRI,5
190,20240423,12d,5A12,1,5,DRI,5
191,20240423,12d,5A12,2,1,DRI,4.5
192,20240423,12d,5A12,2,2,DRI,5
193,20240423,12d,5A12,2,3,DRI,5
194,20240423,12d,5A12,2,4,DRI,5
195,20240423,12d,5A12,2,5,DRI,5
196,20240423,12d,5A12,2,1,DRI,3.5
197,20240423,12d,5A12,2,2,DRI,3.5
198,20240423,12d,5A12,2,3,DRI,5
199,20240423,12d,5A12,2,4,DRI,4.5
200,20240423,12d,5A12,2,5,DRI,3
201,20240423,12d,10C12,1,1,DRI,5
202,20240423,12d,10C12,1,2,DRI,5
203,20240423,12d,10C12,1,3,DRI,5
204,20240423,12d,10C12,1,4,DRI,5
205,20240423,12d,10C12,1,5,DRI,2.5
206,20240423,12d,10C12,1,1,DRI,5
207,20240423,12d,10C12,1,2,DRI,5
208,20240423,12d,10C12,1,3,DRI,5
209,20240423,12d,10C12,1,4,DRI,5
210,20240423,12d,10C12,1,5,DRI,5
211,20240423,12d,10C12,2,1,DRI,4.5
212,20240423,12d,10C12,2,2,DRI,5
213,20240423,12d,10C12,2,3,DRI,5
214,20240423,12d,10C12,2,4,DRI,3.5
215,20240423,12d,10C12,2,5,DRI,3.5
216,20240423,12d,10C12,2,1,DRI,5
217,20240423,12d,10C12,2,2,DRI,5
218,20240423,12d,10C12,2,3,DRI,5
219,20240423,12d,10C12,2,4,DRI,5
220,20240423,12d,10C12,2,5,DRI,3
221,20240423,12d,gl2,1,1,DRI,5
222,20240423,12d,gl2,1,2,DRI,5
223,20240423,12d,gl2,1,3,DRI,5
224,20240423,12d,gl2,1,4,DRI,5
225,20240423,12d,gl2,1,5,DRI,5
226,20240423,12d,gl2,1,1,DRI,5
227,20240423,12d,gl2,1,2,DRI,5
228,20240423,12d,gl2,1,3,DRI,5
229,20240423,12d,gl2,1,4,DRI,5
230,20240423,12d,gl2,1,5,DRI,5
231,20240423,12d,gl2,2,1,DRI,5
232,20240423,12d,gl2,2,2,DRI,3.5
233,20240423,12d,gl2,2,3,DRI,5
234,20240423,12d,gl2,2,4,DRI,4
235,20240423,12d,gl2,2,5,DRI,3.5
236,20240423,12d,gl2,2,1,DRI,4.5
237,20240423,12d,gl2,2,2,DRI,5
238,20240423,12d,gl2,2,3,DRI,5
239,20240423,12d,gl2,2,4,DRI,4.5
240,20240423,12d,gl2,2,5,DRI,5
241,20240423,12d,AR,1,1,DRI,4.5
242,20240423,12d,AR,1,2,DRI,5
243,20240423,12d,AR,1,3,DRI,5
244,20240423,12d,AR,1,4,DRI,5
245,20240423,12d,AR,1,5,DRI,5
246,20240423,12d,AR,1,1,DRI,3
247,20240423,12d,AR,1,2,DRI,5
248,20240423,12d,AR,1,3,DRI,5
249,20240423,12d,AR,1,4,DRI,5
250,20240423,12d,AR,1,5,DRI,5
251,20240423,12d,AR,2,1,DRI,3.5
252,20240423,12d,AR,2,2,DRI,5
253,20240423,12d,AR,2,3,DRI,5
254,20240423,12d,AR,2,4,DRI,5
255,20240423,12d,AR,2,5,DRI,4
256,20240423,12d,AR,2,1,DRI,5
257,20240423,12d,AR,2,2,DRI,5
258,20240423,12d,AR,2,3,DRI,5
259,20240423,12d,AR,2,4,DRI,5
260,20240423,12d,AR,2,5,DRI,5
261,20240423,12d,DER,2,1,DRI,5
262,20240423,12d,DER,2,2,DRI,5
263,20240423,12d,DER,2,3,DRI,5
264,20240423,12d,DER,2,4,DRI,5
265,20240423,12d,DER,2,5,DRI,3.5
266,20240423,12d,DER,2,1,DRI,5
267,20240423,12d,DER,2,2,DRI,3.5
268,20240423,12d,DER,2,3,DRI,5
269,20240423,12d,DER,2,4,DRI,5
270,20240423,12d,DER,2,5,DRI,5
271,20240423,12d,DER,1,1,DRI,5
272,20240423,12d,DER,1,2,DRI,5
273,20240423,12d,DER,1,3,DRI,5
274,20240423,12d,DER,1,4,DRI,5
275,20240423,12d,DER,1,5,DRI,5
276,20240423,12d,DER,1,1,DRI,4
277,20240423,12d,DER,1,2,DRI,5
278,20240423,12d,DER,1,3,DRI,5
279,20240423,12d,DER,1,4,DRI,5
280,20240423,12d,DER,1,5,DRI,4.5
281,20240423,13d,buffer,1,1,DRI,4
282,20240423,13d,buffer,1,2,DRI,4
283,20240423,13d,buffer,1,3,DRI,4.5
284,20240423,13d,buffer,1,4,DRI,3.5
285,20240423,13d,buffer,1,5,DRI,3
286,20240423,13d,buffer,1,1,DRI,2.5
287,20240423,13d,buffer,1,2,DRI,3.5
288,20240423,13d,buffer,1,3,DRI,3
289,20240423,13d,buffer,1,4,DRI,2
290,20240423,13d,buffer,1,5,DRI,2.5
291,20240423,13d,buffer,2,1,DRI,3.5
292,20240423,13d,buffer,2,2,DRI,3
293,20240423,13d,buffer,2,3,DRI,3.5
294,20240423,13d,buffer,2,4,DRI,3.5
295,20240423,13d,buffer,2,5,DRI,3
296,20240423,13d,buffer,2,1,DRI,2.5
297,20240423,13d,buffer,2,2,DRI,2.5
298,20240423,13d,buffer,2,3,DRI,2.5
299,20240423,13d,buffer,2,4,DRI,2.5
300,20240423,13d,buffer,2,5,DRI,2.5
301,20240423,13d,4F10,1,1,DRI,4.5
302,20240423,13d,4F10,1,2,DRI,5
303,20240423,13d,4F10,1,3,DRI,5
304,20240423,13d,4F10,1,4,DRI,5
305,20240423,13d,4F10,1,5,DRI,3.5
306,20240423,13d,4F10,1,1,DRI,3
307,20240423,13d,4F10,1,2,DRI,5
308,20240423,13d,4F10,1,3,DRI,5
309,20240423,13d,4F10,1,4,DRI,5
310,20240423,13d,4F10,1,5,DRI,5
311,20240423,13d,4F10,2,1,DRI,3.5
312,20240423,13d,4F10,2,2,DRI,3
313,20240423,13d,4F10,2,3,DRI,5
314,20240423,13d,4F10,2,4,DRI,3
315,20240423,13d,4F10,2,5,DRI,3
316,20240423,13d,4F10,2,1,DRI,3
317,20240423,13d,4F10,2,2,DRI,4.5
318,20240423,13d,4F10,2,3,DRI,4
319,20240423,13d,4F10,2,4,DRI,4
320,20240423,13d,4F10,2,5,DRI,3.5
321,20240423,13d,5A12,1,1,DRI,4
322,20240423,13d,5A12,1,2,DRI,5
323,20240423,13d,5A12,1,3,DRI,5
324,20240423,13d,5A12,1,4,DRI,5
325,20240423,13d,5A12,1,5,DRI,4.5
326,20240423,13d,5A12,1,1,DRI,5
327,20240423,13d,5A12,1,2,DRI,5
328,20240423,13d,5A12,1,3,DRI,5
329,20240423,13d,5A12,1,4,DRI,5
330,20240423,13d,5A12,1,5,DRI,5
331,20240423,13d,5A12,2,1,DRI,2.5
332,20240423,13d,5A12,2,2,DRI,3.5
333,20240423,13d,5A12,2,3,DRI,4.5
334,20240423,13d,5A12,2,4,DRI,3.5
335,20240423,13d,5A12,2,5,DRI,3.5
336,20240423,13d,5A12,2,1,DRI,2.5
337,20240423,13d,5A12,2,2,DRI,2.5
338,20240423,13d,5A12,2,3,DRI,4
339,20240423,13d,5A12,2,4,DRI,3.5
340,20240423,13d,5A12,2,5,DRI,2.5
341,20240423,13d,10C12,1,1,DRI,3
342,20240423,13d,10C12,1,2,DRI,5
343,20240423,13d,10C12,1,3,DRI,5
344,20240423,13d,10C12,1,4,DRI,4
345,20240423,13d,10C12,1,5,DRI,2
346,20240423,13d,10C12,1,1,DRI,3
347,20240423,13d,10C12,1,2,DRI,5
348,20240423,13d,10C12,1,3,DRI,5
349,20240423,13d,10C12,1,4,DRI,3.5
350,20240423,13d,10C12,1,5,DRI,5
351,20240423,13d,10C12,2,1,DRI,3
352,20240423,13d,10C12,2,2,DRI,5
353,20240423,13d,10C12,2,3,DRI,5
354,20240423,13d,10C12,2,4,DRI,2.5
355,20240423,13d,10C12,2,5,DRI,2.5
356,20240423,13d,10C12,2,1,DRI,3.5
357,20240423,13d,10C12,2,2,DRI,4
358,20240423,13d,10C12,2,3,DRI,4
359,20240423,13d,10C12,2,4,DRI,3.5
360,20240423,13d,10C12,2,5,DRI,2
361,20240423,13d,gl2,1,1,DRI,3.5
362,20240423,13d,gl2,1,2,DRI,5
363,20240423,13d,gl2,1,3,DRI,5
364,20240423,13d,gl2,1,4,DRI,3
365,20240423,13d,gl2,1,5,DRI,3
366,20240423,13d,gl2,1,1,DRI,4.5
367,20240423,13d,gl2,1,2,DRI,4
368,20240423,13d,gl2,1,3,DRI,5
369,20240423,13d,gl2,1,4,DRI,3.5
370,20240423,13d,gl2,1,5,DRI,3.5
371,20240423,13d,gl2,2,1,DRI,3.5
372,20240423,13d,gl2,2,2,DRI,2.5
373,20240423,13d,gl2,2,3,DRI,5
374,20240423,13d,gl2,2,4,DRI,3.5
375,20240423,13d,gl2,2,5,DRI,2.5
376,20240423,13d,gl2,2,1,DRI,2.5
377,20240423,13d,gl2,2,2,DRI,3.5
378,20240423,13d,gl2,2,3,DRI,3.5
379,20240423,13d,gl2,2,4,DRI,3
380,20240423,13d,gl2,2,5,DRI,3.5
381,20240423,13d,AR,1,1,DRI,3
382,20240423,13d,AR,1,2,DRI,5
383,20240423,13d,AR,1,3,DRI,5
384,20240423,13d,AR,1,4,DRI,3.5
385,20240423,13d,AR,1,5,DRI,3.5
386,20240423,13d,AR,1,1,DRI,2
387,20240423,13d,AR,1,2,DRI,4.5
388,20240423,13d,AR,1,3,DRI,5
389,20240423,13d,AR,1,4,DRI,3.5
390,20240423,13d,AR,1,5,DRI,4
391,20240423,13d,AR,2,1,DRI,2
392,20240423,13d,AR,2,2,DRI,4
393,20240423,13d,AR,2,3,DRI,4
394,20240423,13d,AR,2,4,DRI,3
395,20240423,13d,AR,2,5,DRI,3
396,20240423,13d,AR,2,1,DRI,3.5
397,20240423,13d,AR,2,2,DRI,5
398,20240423,13d,AR,2,3,DRI,4
399,20240423,13d,AR,2,4,DRI,3
400,20240423,13d,AR,2,5,DRI,5
401,20240423,13d,DER,2,1,DRI,4
402,20240423,13d,DER,2,2,DRI,5
403,20240423,13d,DER,2,3,DRI,3.5
404,20240423,13d,DER,2,4,DRI,3.5
405,20240423,13d,DER,2,5,DRI,2.5
406,20240423,13d,DER,2,1,DRI,3.5
407,20240423,13d,DER,2,2,DRI,2.5
408,20240423,13d,DER,2,3,DRI,3
409,20240423,13d,DER,2,4,DRI,3
410,20240423,13d,DER,2,5,DRI,3
411,20240423,13d,DER,1,1,DRI,4
412,20240423,13d,DER,1,2,DRI,5
413,20240423,13d,DER,1,3,DRI,5
414,20240423,13d,DER,1,4,DRI,5
415,20240423,13d,DER,1,5,DRI,4.5
416,20240423,13d,DER,1,1,DRI,2.5
417,20240423,13d,DER,1,2,DRI,3
418,20240423,13d,DER,1,3,DRI,5
419,20240423,13d,DER,1,4,DRI,4
420,20240423,13d,DER,1,5,DRI,3
421,20240423,14d,buffer,1,1,DRI,2
422,20240423,14d,buffer,1,2,DRI,2.5
423,20240423,14d,buffer,1,3,DRI,3
424,20240423,14d,buffer,1,4,DRI,2
425,20240423,14d,buffer,1,5,DRI,2
426,20240423,14d,buffer,1,1,DRI,1.5
427,20240423,14d,buffer,1,2,DRI,2
428,20240423,14d,buffer,1,3,DRI,1.5
429,20240423,14d,buffer,1,4,DRI,1
430,20240423,14d,buffer,1,5,DRI,1
431,20240423,14d,buffer,2,1,DRI,2
432,20240423,14d,buffer,2,2,DRI,1.5
433,20240423,14d,buffer,2,3,DRI,2
434,20240423,14d,buffer,2,4,DRI,2
435,20240423,14d,buffer,2,5,DRI,1.5
436,20240423,14d,buffer,2,1,DRI,1
437,20240423,14d,buffer,2,2,DRI,1
438,20240423,14d,buffer,2,3,DRI,1
439,20240423,14d,buffer,2,4,DRI,1
440,20240423,14d,buffer,2,5,DRI,1.5
441,20240423,14d,4F10,1,1,DRI,3
442,20240423,14d,4F10,1,2,DRI,4.5
443,20240423,14d,4F10,1,3,DRI,4
444,20240423,14d,4F10,1,4,DRI,4
445,20240423,14d,4F10,1,5,DRI,2.5
446,20240423,14d,4F10,1,1,DRI,1.5
447,20240423,14d,4F10,1,2,DRI,3.5
448,20240423,14d,4F10,1,3,DRI,3.5
449,20240423,14d,4F10,1,4,DRI,3
450,20240423,14d,4F10,1,5,DRI,3.5
451,20240423,14d,4F10,2,1,DRI,3
452,20240423,14d,4F10,2,2,DRI,1.5
453,20240423,14d,4F10,2,3,DRI,3.5
454,20240423,14d,4F10,2,4,DRI,2
455,20240423,14d,4F10,2,5,DRI,2
456,20240423,14d,4F10,2,1,DRI,1
457,20240423,14d,4F10,2,2,DRI,3
458,20240423,14d,4F10,2,3,DRI,2
459,20240423,14d,4F10,2,4,DRI,2.5
460,20240423,14d,4F10,2,5,DRI,2
461,20240423,14d,5A12,1,1,DRI,2
462,20240423,14d,5A12,1,2,DRI,4
463,20240423,14d,5A12,1,3,DRI,3.5
464,20240423,14d,5A12,1,4,DRI,3.5
465,20240423,14d,5A12,1,5,DRI,3
466,20240423,14d,5A12,1,1,DRI,5
467,20240423,14d,5A12,1,2,DRI,4
468,20240423,14d,5A12,1,3,DRI,3.5
469,20240423,14d,5A12,1,4,DRI,4
470,20240423,14d,5A12,1,5,DRI,3
471,20240423,14d,5A12,2,1,DRI,1
472,20240423,14d,5A12,2,2,DRI,2
473,20240423,14d,5A12,2,3,DRI,3.5
474,20240423,14d,5A12,2,4,DRI,2.5
475,20240423,14d,5A12,2,5,DRI,2.5
476,20240423,14d,5A12,2,1,DRI,1
477,20240423,14d,5A12,2,2,DRI,1
478,20240423,14d,5A12,2,3,DRI,2.5
479,20240423,14d,5A12,2,4,DRI,2
480,20240423,14d,5A12,2,5,DRI,1
481,20240423,14d,10C12,1,1,DRI,2
482,20240423,14d,10C12,1,2,DRI,3
483,20240423,14d,10C12,1,3,DRI,4.5
484,20240423,14d,10C12,1,4,DRI,2
485,20240423,14d,10C12,1,5,DRI,1
486,20240423,14d,10C12,1,1,DRI,2
487,20240423,14d,10C12,1,2,DRI,3.5
488,20240423,14d,10C12,1,3,DRI,4.5
489,20240423,14d,10C12,1,4,DRI,2
490,20240423,14d,10C12,1,5,DRI,4
491,20240423,14d,10C12,2,1,DRI,1.5
492,20240423,14d,10C12,2,2,DRI,3.5
493,20240423,14d,10C12,2,3,DRI,3.5
494,20240423,14d,10C12,2,4,DRI,1
495,20240423,14d,10C12,2,5,DRI,1.5
496,20240423,14d,10C12,2,1,DRI,2
497,20240423,14d,10C12,2,2,DRI,2.5
498,20240423,14d,10C12,2,3,DRI,2
499,20240423,14d,10C12,2,4,DRI,2
500,20240423,14d,10C12,2,5,DRI,1
501,20240423,14d,gl2,1,1,DRI,1.5
502,20240423,14d,gl2,1,2,DRI,5
503,20240423,14d,gl2,1,3,DRI,4
504,20240423,14d,gl2,1,4,DRI,1.5
505,20240423,14d,gl2,1,5,DRI,1.5
506,20240423,14d,gl2,1,1,DRI,2.5
507,20240423,14d,gl2,1,2,DRI,2
508,20240423,14d,gl2,1,3,DRI,4
509,20240423,14d,gl2,1,4,DRI,1.5
510,20240423,14d,gl2,1,5,DRI,1.5
511,20240423,14d,gl2,2,1,DRI,2
512,20240423,14d,gl2,2,2,DRI,1
513,20240423,14d,gl2,2,3,DRI,2.5
514,20240423,14d,gl2,2,4,DRI,2
515,20240423,14d,gl2,2,5,DRI,1
516,20240423,14d,gl2,2,1,DRI,1
517,20240423,14d,gl2,2,2,DRI,2
518,20240423,14d,gl2,2,3,DRI,2.5
519,20240423,14d,gl2,2,4,DRI,2
520,20240423,14d,gl2,2,5,DRI,2.5
521,20240423,14d,AR,1,1,DRI,1.5
522,20240423,14d,AR,1,2,DRI,5
523,20240423,14d,AR,1,3,DRI,3.5
524,20240423,14d,AR,1,4,DRI,2.5
525,20240423,14d,AR,1,5,DRI,2
526,20240423,14d,AR,1,1,DRI,1
527,20240423,14d,AR,1,2,DRI,1.5
528,20240423,14d,AR,1,3,DRI,2.5
529,20240423,14d,AR,1,4,DRI,2.5
530,20240423,14d,AR,1,5,DRI,1
531,20240423,14d,AR,2,1,DRI,3
532,20240423,14d,AR,2,2,DRI,1.5
533,20240423,14d,AR,2,3,DRI,2
534,20240423,14d,AR,2,4,DRI,3
535,20240423,14d,AR,2,5,DRI,2
536,20240423,14d,AR,2,1,DRI,1
537,20240423,14d,AR,2,2,DRI,1.5
538,20240423,14d,AR,2,3,DRI,2.5
539,20240423,14d,AR,2,4,DRI,2.5
540,20240423,14d,AR,2,5,DRI,1
541,20240423,14d,DER,2,1,DRI,2
542,20240423,14d,DER,2,2,DRI,5
543,20240423,14d,DER,2,3,DRI,2
544,20240423,14d,DER,2,4,DRI,2
545,20240423,14d,DER,2,5,DRI,1
546,20240423,14d,DER,2,1,DRI,1
547,20240423,14d,DER,2,2,DRI,1
548,20240423,14d,DER,2,3,DRI,1.5
549,20240423,14d,DER,2,4,DRI,1.5
550,20240423,14d,DER,2,5,DRI,1.5
551,20240423,14d,DER,1,1,DRI,2
552,20240423,14d,DER,1,2,DRI,2.5
553,20240423,14d,DER,1,3,DRI,3.5
554,20240423,14d,DER,1,4,DRI,2
555,20240423,14d,DER,1,5,DRI,1
556,20240423,14d,DER,1,1,DRI,2.5
557,20240423,14d,DER,1,2,DRI,3.5
558,20240423,14d,DER,1,3,DRI,4
559,20240423,14d,DER,1,4,DRI,3
560,20240423,14d,DER,1,5,DRI,2
561,20240423,15d,buffer,1,1,DRI,1
562,20240423,15d,buffer,1,2,DRI,1.5
563,20240423,15d,buffer,1,3,DRI,2
564,20240423,15d,buffer,1,4,DRI,1
565,20240423,15d,buffer,1,5,DRI,1
566,20240423,15d,buffer,1,1,DRI,1
567,20240423,15d,buffer,1,2,DRI,1
568,20240423,15d,buffer,1,3,DRI,1
569,20240423,15d,buffer,1,4,DRI,1
570,20240423,15d,buffer,1,5,DRI,1
571,20240423,15d,buffer,2,1,DRI,1
572,20240423,15d,buffer,2,2,DRI,1
573,20240423,15d,buffer,2,3,DRI,1
574,20240423,15d,buffer,2,4,DRI,1
575,20240423,15d,buffer,2,5,DRI,1
576,20240423,15d,buffer,2,1,DRI,1
577,20240423,15d,buffer,2,2,DRI,1
578,20240423,15d,buffer,2,3,DRI,1
579,20240423,15d,buffer,2,4,DRI,1
580,20240423,15d,buffer,2,5,DRI,1
581,20240423,15d,4F10,1,1,DRI,2
582,20240423,15d,4F10,1,2,DRI,2.5
583,20240423,15d,4F10,1,3,DRI,3
584,20240423,15d,4F10,1,4,DRI,3
585,20240423,15d,4F10,1,5,DRI,1.5
586,20240423,15d,4F10,1,1,DRI,1
587,20240423,15d,4F10,1,2,DRI,3
588,20240423,15d,4F10,1,3,DRI,3
589,20240423,15d,4F10,1,4,DRI,2.5
590,20240423,15d,4F10,1,5,DRI,2.5
591,20240423,15d,4F10,2,1,DRI,2.5
592,20240423,15d,4F10,2,2,DRI,1
593,20240423,15d,4F10,2,3,DRI,3
594,20240423,15d,4F10,2,4,DRI,1.5
595,20240423,15d,4F10,2,5,DRI,1
596,20240423,15d,4F10,2,1,DRI,1
597,20240423,15d,4F10,2,2,DRI,2.5
598,20240423,15d,4F10,2,3,DRI,2
599,20240423,15d,4F10,2,4,DRI,2
600,20240423,15d,4F10,2,5,DRI,2
601,20240423,15d,5A12,1,1,DRI,1.5
602,20240423,15d,5A12,1,2,DRI,3
603,20240423,15d,5A12,1,3,DRI,2.5
604,20240423,15d,5A12,1,4,DRI,1.5
605,20240423,15d,5A12,1,5,DRI,1.5
606,20240423,15d,5A12,1,1,DRI,4
607,20240423,15d,5A12,1,2,DRI,3
608,20240423,15d,5A12,1,3,DRI,2.5
609,20240423,15d,5A12,1,4,DRI,4
610,20240423,15d,5A12,1,5,DRI,2.5
611,20240423,15d,5A12,2,1,DRI,1
612,20240423,15d,5A12,2,2,DRI,1.5
613,20240423,15d,5A12,2,3,DRI,2.5
614,20240423,15d,5A12,2,4,DRI,1
615,20240423,15d,5A12,2,5,DRI,1.5
616,20240423,15d,5A12,2,1,DRI,1
617,20240423,15d,5A12,2,2,DRI,1
618,20240423,15d,5A12,2,3,DRI,2
619,20240423,15d,5A12,2,4,DRI,1
620,20240423,15d,5A12,2,5,DRI,1
621,20240423,15d,10C12,1,1,DRI,1.5
622,20240423,15d,10C12,1,2,DRI,2
623,20240423,15d,10C12,1,3,DRI,3
624,20240423,15d,10C12,1,4,DRI,1
625,20240423,15d,10C12,1,5,DRI,1
626,20240423,15d,10C12,1,1,DRI,1
627,20240423,15d,10C12,1,2,DRI,2.5
628,20240423,15d,10C12,1,3,DRI,3
629,20240423,15d,10C12,1,4,DRI,1
630,20240423,15d,10C12,1,5,DRI,2.5
631,20240423,15d,10C12,2,1,DRI,1
632,20240423,15d,10C12,2,2,DRI,2.5
633,20240423,15d,10C12,2,3,DRI,3
634,20240423,15d,10C12,2,4,DRI,1
635,20240423,15d,10C12,2,5,DRI,1
636,20240423,15d,10C12,2,1,DRI,1
637,20240423,15d,10C12,2,2,DRI,2
638,20240423,15d,10C12,2,3,DRI,1.5
639,20240423,15d,10C12,2,4,DRI,1
640,20240423,15d,10C12,2,5,DRI,1
641,20240423,15d,gl2,1,1,DRI,1.5
642,20240423,15d,gl2,1,2,DRI,3
643,20240423,15d,gl2,1,3,DRI,2.5
644,20240423,15d,gl2,1,4,DRI,1
645,20240423,15d,gl2,1,5,DRI,1
646,20240423,15d,gl2,1,1,DRI,2.5
647,20240423,15d,gl2,1,2,DRI,1.5
648,20240423,15d,gl2,1,3,DRI,2.5
649,20240423,15d,gl2,1,4,DRI,1.5
650,20240423,15d,gl2,1,5,DRI,1
651,20240423,15d,gl2,2,1,DRI,1
652,20240423,15d,gl2,2,2,DRI,1.5
653,20240423,15d,gl2,2,3,DRI,2.5
654,20240423,15d,gl2,2,4,DRI,1
655,20240423,15d,gl2,2,5,DRI,1
656,20240423,15d,gl2,2,1,DRI,1
657,20240423,15d,gl2,2,2,DRI,1.5
658,20240423,15d,gl2,2,3,DRI,1.5
659,20240423,15d,gl2,2,4,DRI,1
660,20240423,15d,gl2,2,5,DRI,1.5
661,20240423,15d,AR,1,1,DRI,1
662,20240423,15d,AR,1,2,DRI,3
663,20240423,15d,AR,1,3,DRI,2.5
664,20240423,15d,AR,1,4,DRI,2
665,20240423,15d,AR,1,5,DRI,1
666,20240423,15d,AR,1,1,DRI,1
667,20240423,15d,AR,1,2,DRI,2
668,20240423,15d,AR,1,3,DRI,2.5
669,20240423,15d,AR,1,4,DRI,1
670,20240423,15d,AR,1,5,DRI,1
671,20240423,15d,AR,2,1,DRI,1
672,20240423,15d,AR,2,2,DRI,1.5
673,20240423,15d,AR,2,3,DRI,1.5
674,20240423,15d,AR,2,4,DRI,1
675,20240423,15d,AR,2,5,DRI,1
676,20240423,15d,AR,2,1,DRI,1.5
677,20240423,15d,AR,2,2,DRI,1.5
678,20240423,15d,AR,2,3,DRI,1
679,20240423,15d,AR,2,4,DRI,1
680,20240423,15d,AR,2,5,DRI,1.5
681,20240423,15d,DER,2,1,DRI,1
682,20240423,15d,DER,2,2,DRI,4
683,20240423,15d,DER,2,3,DRI,1
684,20240423,15d,DER,2,4,DRI,1
685,20240423,15d,DER,2,5,DRI,1
686,20240423,15d,DER,2,1,DRI,1
687,20240423,15d,DER,2,2,DRI,1
688,20240423,15d,DER,2,3,DRI,1.5
689,20240423,15d,DER,2,4,DRI,1.5
690,20240423,15d,DER,2,5,DRI,1
691,20240423,15d,DER,1,1,DRI,1
692,20240423,15d,DER,1,2,DRI,2.5
693,20240423,15d,DER,1,3,DRI,3
694,20240423,15d,DER,1,4,DRI,1.5
695,20240423,15d,DER,1,5,DRI,1
696,20240423,15d,DER,1,1,DRI,1
697,20240423,15d,DER,1,2,DRI,1.5
698,20240423,15d,DER,1,3,DRI,1.5
699,20240423,15d,DER,1,4,DRI,1.5
700,20240423,15d,DER,1,5,DRI,1.5
701,20240501,11d,buffer,1,1,DRI,5
702,20240501,11d,buffer,1,2,DRI,5
703,20240501,11d,buffer,1,3,DRI,5
704,20240501,11d,buffer,1,4,DRI,5
705,20240501,11d,buffer,1,5,DRI,4.5
706,20240501,11d,buffer,1,1,DRI,2.5
707,20240501,11d,buffer,1,2,DRI,4.5
708,20240501,11d,buffer,1,3,DRI,4
709,20240501,11d,buffer,1,4,DRI,3.5
710,20240501,11d,buffer,1,5,DRI,4
711,20240501,11d,buffer,2,1,DRI,5
712,20240501,11d,buffer,2,2,DRI,5
713,20240501,11d,buffer,2,3,DRI,5
714,20240501,11d,buffer,2,4,DRI,5
715,20240501,11d,buffer,2,5,DRI,5
716,20240501,11d,buffer,2,1,DRI,5
717,20240501,11d,buffer,2,2,DRI,5
718,20240501,11d,buffer,2,3,DRI,4.5
719,20240501,11d,buffer,2,4,DRI,5
720,20240501,11d,buffer,2,5,DRI,4.5
721,20240501,11d,4F10,1,1,DRI,5
722,20240501,11d,4F10,1,2,DRI,5
723,20240501,11d,4F10,1,3,DRI,5
724,20240501,11d,4F10,1,4,DRI,5
725,20240501,11d,4F10,1,5,DRI,3.5
726,20240501,11d,4F10,1,1,DRI,3.5
727,20240501,11d,4F10,1,2,DRI,3.5
728,20240501,11d,4F10,1,3,DRI,5
729,20240501,11d,4F10,1,4,DRI,5
730,20240501,11d,4F10,1,5,DRI,5
731,20240501,11d,4F10,2,1,DRI,5
732,20240501,11d,4F10,2,2,DRI,5
733,20240501,11d,4F10,2,3,DRI,5
734,20240501,11d,4F10,2,4,DRI,5
735,20240501,11d,4F10,2,5,DRI,4.5
736,20240501,11d,4F10,2,1,DRI,4
737,20240501,11d,4F10,2,2,DRI,5
738,20240501,11d,4F10,2,3,DRI,5
739,20240501,11d,4F10,2,4,DRI,5
740,20240501,11d,4F10,2,5,DRI,4.5
741,20240501,11d,5A12,1,1,DRI,3
742,20240501,11d,5A12,1,2,DRI,5
743,20240501,11d,5A12,1,3,DRI,5
744,20240501,11d,5A12,1,4,DRI,4
745,20240501,11d,5A12,1,5,DRI,3.5
746,20240501,11d,5A12,1,1,DRI,5
747,20240501,11d,5A12,1,2,DRI,5
748,20240501,11d,5A12,1,3,DRI,4.5
749,20240501,11d,5A12,1,4,DRI,4.5
750,20240501,11d,5A12,1,5,DRI,3.5
751,20240501,11d,5A12,2,1,DRI,3.5
752,20240501,11d,5A12,2,2,DRI,5
753,20240501,11d,5A12,2,3,DRI,5
754,20240501,11d,5A12,2,4,DRI,5
755,20240501,11d,5A12,2,5,DRI,4.5
756,20240501,11d,5A12,2,1,DRI,4.5
757,20240501,11d,5A12,2,2,DRI,5
758,20240501,11d,5A12,2,3,DRI,5
759,20240501,11d,5A12,2,4,DRI,5
760,20240501,11d,5A12,2,5,DRI,5
761,20240501,11d,10C12,1,1,DRI,3.5
762,20240501,11d,10C12,1,2,DRI,5
763,20240501,11d,10C12,1,3,DRI,5
764,20240501,11d,10C12,1,4,DRI,4
765,20240501,11d,10C12,1,5,DRI,4.5
766,20240501,11d,10C12,1,1,DRI,4
767,20240501,11d,10C12,1,2,DRI,5
768,20240501,11d,10C12,1,3,DRI,5
769,20240501,11d,10C12,1,4,DRI,4
770,20240501,11d,10C12,1,5,DRI,4.5
771,20240501,11d,10C12,2,1,DRI,5
772,20240501,11d,10C12,2,2,DRI,5
773,20240501,11d,10C12,2,3,DRI,5
774,20240501,11d,10C12,2,4,DRI,5
775,20240501,11d,10C12,2,5,DRI,4
776,20240501,11d,10C12,2,1,DRI,4.5
777,20240501,11d,10C12,2,2,DRI,5
778,20240501,11d,10C12,2,3,DRI,5
779,20240501,11d,10C12,2,4,DRI,5
780,20240501,11d,10C12,2,5,DRI,5
781,20240501,11d,gl2,1,1,DRI,3.5
782,20240501,11d,gl2,1,2,DRI,3.5
783,20240501,11d,gl2,1,3,DRI,5
784,20240501,11d,gl2,1,4,DRI,5
785,20240501,11d,gl2,1,5,DRI,2.5
786,20240501,11d,gl2,1,1,DRI,3.5
787,20240501,11d,gl2,1,2,DRI,3.5
788,20240501,11d,gl2,1,3,DRI,4
789,20240501,11d,gl2,1,4,DRI,4.5
790,20240501,11d,gl2,1,5,DRI,3.5
791,20240501,11d,gl2,2,1,DRI,5
792,20240501,11d,gl2,2,2,DRI,5
793,20240501,11d,gl2,2,3,DRI,5
794,20240501,11d,gl2,2,4,DRI,4.5
795,20240501,11d,gl2,2,5,DRI,4.5
796,20240501,11d,gl2,2,1,DRI,3.5
797,20240501,11d,gl2,2,2,DRI,5
798,20240501,11d,gl2,2,3,DRI,5
799,20240501,11d,gl2,2,4,DRI,5
800,20240501,11d,gl2,2,5,DRI,4
801,20240501,11d,AR,1,1,DRI,3.5
802,20240501,11d,AR,1,2,DRI,5
803,20240501,11d,AR,1,3,DRI,5
804,20240501,11d,AR,1,4,DRI,5
805,20240501,11d,AR,1,5,DRI,5
806,20240501,11d,AR,1,1,DRI,4
807,20240501,11d,AR,1,2,DRI,5
808,20240501,11d,AR,1,3,DRI,5
809,20240501,11d,AR,1,4,DRI,5
810,20240501,11d,AR,1,5,DRI,4.5
811,20240501,11d,AR,2,1,DRI,3.5
812,20240501,11d,AR,2,2,DRI,5
813,20240501,11d,AR,2,3,DRI,5
814,20240501,11d,AR,2,4,DRI,5
815,20240501,11d,AR,2,5,DRI,3.5
816,20240501,11d,AR,2,1,DRI,5
817,20240501,11d,AR,2,2,DRI,5
818,20240501,11d,AR,2,3,DRI,5
819,20240501,11d,AR,2,4,DRI,5
820,20240501,11d,AR,2,5,DRI,5
821,20240501,12d,buffer,1,1,DRI,3.5
822,20240501,12d,buffer,1,2,DRI,4
823,20240501,12d,buffer,1,3,DRI,3
824,20240501,12d,buffer,1,4,DRI,3
825,20240501,12d,buffer,1,5,DRI,3
826,20240501,12d,buffer,1,1,DRI,1.5
827,20240501,12d,buffer,1,2,DRI,3
828,20240501,12d,buffer,1,3,DRI,2.5
829,20240501,12d,buffer,1,4,DRI,2.5
830,20240501,12d,buffer,1,5,DRI,2.5
831,20240501,12d,buffer,2,1,DRI,5
832,20240501,12d,buffer,2,2,DRI,5
833,20240501,12d,buffer,2,3,DRI,5
834,20240501,12d,buffer,2,4,DRI,5
835,20240501,12d,buffer,2,5,DRI,4.5
836,20240501,12d,buffer,2,1,DRI,2.5
837,20240501,12d,buffer,2,2,DRI,5
838,20240501,12d,buffer,2,3,DRI,3
839,20240501,12d,buffer,2,4,DRI,3.5
840,20240501,12d,buffer,2,5,DRI,2.5
841,20240501,12d,4F10,1,1,DRI,5
842,20240501,12d,4F10,1,2,DRI,5
843,20240501,12d,4F10,1,3,DRI,4
844,20240501,12d,4F10,1,4,DRI,5
845,20240501,12d,4F10,1,5,DRI,2.5
846,20240501,12d,4F10,1,1,DRI,2.5
847,20240501,12d,4F10,1,2,DRI,3
848,20240501,12d,4F10,1,3,DRI,3.5
849,20240501,12d,4F10,1,4,DRI,4.5
850,20240501,12d,4F10,1,5,DRI,5
851,20240501,12d,4F10,2,1,DRI,4
852,20240501,12d,4F10,2,2,DRI,3.5
853,20240501,12d,4F10,2,3,DRI,5
854,20240501,12d,4F10,2,4,DRI,3.5
855,20240501,12d,4F10,2,5,DRI,2.5
856,20240501,12d,4F10,2,1,DRI,2.5
857,20240501,12d,4F10,2,2,DRI,3.5
858,20240501,12d,4F10,2,3,DRI,3
859,20240501,12d,4F10,2,4,DRI,3.5
860,20240501,12d,4F10,2,5,DRI,2.5
861,20240501,12d,5A12,1,1,DRI,2.5
862,20240501,12d,5A12,1,2,DRI,3
863,20240501,12d,5A12,1,3,DRI,3
864,20240501,12d,5A12,1,4,DRI,2.5
865,20240501,12d,5A12,1,5,DRI,2.5
866,20240501,12d,5A12,1,1,DRI,3
867,20240501,12d,5A12,1,2,DRI,3
868,20240501,12d,5A12,1,3,DRI,3
869,20240501,12d,5A12,1,4,DRI,2.5
870,20240501,12d,5A12,1,5,DRI,2.5
871,20240501,12d,5A12,2,1,DRI,2.5
872,20240501,12d,5A12,2,2,DRI,3
873,20240501,12d,5A12,2,3,DRI,5
874,20240501,12d,5A12,2,4,DRI,5
875,20240501,12d,5A12,2,5,DRI,2.5
876,20240501,12d,5A12,2,1,DRI,2.5
877,20240501,12d,5A12,2,2,DRI,5
878,20240501,12d,5A12,2,3,DRI,5
879,20240501,12d,5A12,2,4,DRI,5
880,20240501,12d,5A12,2,5,DRI,3.5
881,20240501,12d,10C12,1,1,DRI,1.5
882,20240501,12d,10C12,1,2,DRI,4.5
883,20240501,12d,10C12,1,3,DRI,3.5
884,20240501,12d,10C12,1,4,DRI,2.5
885,20240501,12d,10C12,1,5,DRI,3
886,20240501,12d,10C12,1,1,DRI,2.5
887,20240501,12d,10C12,1,2,DRI,5
888,20240501,12d,10C12,1,3,DRI,3.5
889,20240501,12d,10C12,1,4,DRI,3
890,20240501,12d,10C12,1,5,DRI,2.5
891,20240501,12d,10C12,2,1,DRI,4
892,20240501,12d,10C12,2,2,DRI,5
893,20240501,12d,10C12,2,3,DRI,3.5
894,20240501,12d,10C12,2,4,DRI,2.5
895,20240501,12d,10C12,2,5,DRI,2
896,20240501,12d,10C12,2,1,DRI,2.5
897,20240501,12d,10C12,2,2,DRI,4.5
898,20240501,12d,10C12,2,3,DRI,5
899,20240501,12d,10C12,2,4,DRI,5
900,20240501,12d,10C12,2,5,DRI,3.5
901,20240501,12d,gl2,1,1,DRI,1.5
902,20240501,12d,gl2,1,2,DRI,1.5
903,20240501,12d,gl2,1,3,DRI,3
904,20240501,12d,gl2,1,4,DRI,3
905,20240501,12d,gl2,1,5,DRI,1
906,20240501,12d,gl2,1,1,DRI,1.5
907,20240501,12d,gl2,1,2,DRI,1.5
908,20240501,12d,gl2,1,3,DRI,2.5
909,20240501,12d,gl2,1,4,DRI,2.5
910,20240501,12d,gl2,1,5,DRI,2
911,20240501,12d,gl2,2,1,DRI,1.5
912,20240501,12d,gl2,2,2,DRI,3.5
913,20240501,12d,gl2,2,3,DRI,5
914,20240501,12d,gl2,2,4,DRI,3
915,20240501,12d,gl2,2,5,DRI,2.5
916,20240501,12d,gl2,2,1,DRI,1.5
917,20240501,12d,gl2,2,2,DRI,5
918,20240501,12d,gl2,2,3,DRI,5
919,20240501,12d,gl2,2,4,DRI,5
920,20240501,12d,gl2,2,5,DRI,2
921,20240501,12d,AR,1,1,DRI,2
922,20240501,12d,AR,1,2,DRI,5
923,20240501,12d,AR,1,3,DRI,5
924,20240501,12d,AR,1,4,DRI,5
925,20240501,12d,AR,1,5,DRI,3.5
926,20240501,12d,AR,1,1,DRI,2
927,20240501,12d,AR,1,2,DRI,5
928,20240501,12d,AR,1,3,DRI,4
929,20240501,12d,AR,1,4,DRI,3.5
930,20240501,12d,AR,1,5,DRI,2.5
931,20240501,12d,AR,2,1,DRI,2.5
932,20240501,12d,AR,2,2,DRI,5
933,20240501,12d,AR,2,3,DRI,5
934,20240501,12d,AR,2,4,DRI,3.5
935,20240501,12d,AR,2,5,DRI,2
936,20240501,12d,AR,2,1,DRI,3
937,20240501,12d,AR,2,2,DRI,5
938,20240501,12d,AR,2,3,DRI,5
939,20240501,12d,AR,2,4,DRI,4.5
940,20240501,12d,AR,2,5,DRI,5
941,20240501,13d,buffer,1,1,DRI,2.5
942,20240501,13d,buffer,1,2,DRI,3
943,20240501,13d,buffer,1,3,DRI,2
944,20240501,13d,buffer,1,4,DRI,2.5
945,20240501,13d,buffer,1,5,DRI,2
946,20240501,13d,buffer,1,1,DRI,1
947,20240501,13d,buffer,1,2,DRI,1.5
948,20240501,13d,buffer,1,3,DRI,1.5
949,20240501,13d,buffer,1,4,DRI,1.5
950,20240501,13d,buffer,1,5,DRI,2
951,20240501,13d,buffer,2,1,DRI,3.5
952,20240501,13d,buffer,2,2,DRI,2.5
953,20240501,13d,buffer,2,3,DRI,2.5
954,20240501,13d,buffer,2,4,DRI,4
955,20240501,13d,buffer,2,5,DRI,3.5
956,20240501,13d,buffer,2,1,DRI,1.5
957,20240501,13d,buffer,2,2,DRI,3
958,20240501,13d,buffer,2,3,DRI,3
959,20240501,13d,buffer,2,4,DRI,4.5
960,20240501,13d,buffer,2,5,DRI,1.5
961,20240501,13d,4F10,1,1,DRI,3.5
962,20240501,13d,4F10,1,2,DRI,3.5
963,20240501,13d,4F10,1,3,DRI,3.5
964,20240501,13d,4F10,1,4,DRI,3.5
965,20240501,13d,4F10,1,5,DRI,1.5
966,20240501,13d,4F10,1,1,DRI,1.5
967,20240501,13d,4F10,1,2,DRI,2
968,20240501,13d,4F10,1,3,DRI,2.5
969,20240501,13d,4F10,1,4,DRI,3
970,20240501,13d,4F10,1,5,DRI,4
971,20240501,13d,4F10,2,2.5,DRI,3
972,20240501,13d,4F10,2,2,DRI,2
973,20240501,13d,4F10,2,3,DRI,4
974,20240501,13d,4F10,2,4,DRI,2.5
975,20240501,13d,4F10,2,5,DRI,2
976,20240501,13d,4F10,2,1,DRI,1.5
977,20240501,13d,4F10,2,2,DRI,2.5
978,20240501,13d,4F10,2,3,DRI,2.5
979,20240501,13d,4F10,2,4,DRI,4
980,20240501,13d,4F10,2,5,DRI,3.5
981,20240501,13d,5A12,1,1,DRI,1
982,20240501,13d,5A12,1,2,DRI,2
983,20240501,13d,5A12,1,3,DRI,2.5
984,20240501,13d,5A12,1,4,DRI,2
985,20240501,13d,5A12,1,5,DRI,1.5
986,20240501,13d,5A12,1,1,DRI,2.5
987,20240501,13d,5A12,1,2,DRI,2
988,20240501,13d,5A12,1,3,DRI,1.5
989,20240501,13d,5A12,1,4,DRI,1.5
990,20240501,13d,5A12,1,5,DRI,1.5
991,20240501,13d,5A12,2,1,DRI,1.5
992,20240501,13d,5A12,2,2,DRI,2
993,20240501,13d,5A12,2,3,DRI,2.5
994,20240501,13d,5A12,2,4,DRI,3
995,20240501,13d,5A12,2,5,DRI,2
996,20240501,13d,5A12,2,1,DRI,1.5
997,20240501,13d,5A12,2,2,DRI,3
998,20240501,13d,5A12,2,3,DRI,3
999,20240501,13d,5A12,2,4,DRI,3
1000,20240501,13d,5A12,2,5,DRI,2
1001,20240501,13d,10C12,1,1,DRI,1
1002,20240501,13d,10C12,1,2,DRI,3
1003,20240501,13d,10C12,1,3,DRI,2
1004,20240501,13d,10C12,1,4,DRI,1.5
1005,20240501,13d,10C12,1,5,DRI,2
1006,20240501,13d,10C12,1,1,DRI,2
1007,20240501,13d,10C12,1,2,DRI,3
1008,20240501,13d,10C12,1,3,DRI,2.5
1009,20240501,13d,10C12,1,4,DRI,2
1010,20240501,13d,10C12,1,5,DRI,2
1011,20240501,13d,10C12,2,1,DRI,2
1012,20240501,13d,10C12,2,2,DRI,3
1013,20240501,13d,10C12,2,3,DRI,2.5
1014,20240501,13d,10C12,2,4,DRI,2
1015,20240501,13d,10C12,2,5,DRI,1
1016,20240501,13d,10C12,2,1,DRI,1
1017,20240501,13d,10C12,2,2,DRI,3
1018,20240501,13d,10C12,2,3,DRI,4.5
1019,20240501,13d,10C12,2,4,DRI,5
1020,20240501,13d,10C12,2,5,DRI,2.5
1021,20240501,13d,gl2,1,1,DRI,1.5
1022,20240501,13d,gl2,1,2,DRI,1
1023,20240501,13d,gl2,1,3,DRI,2.5
1024,20240501,13d,gl2,1,4,DRI,2.5
1025,20240501,13d,gl2,1,5,DRI,1
1026,20240501,13d,gl2,1,1,DRI,1
1027,20240501,13d,gl2,1,2,DRI,1
1028,20240501,13d,gl2,1,3,DRI,2
1029,20240501,13d,gl2,1,4,DRI,2
1030,20240501,13d,gl2,1,5,DRI,2
1031,20240501,13d,gl2,2,1,DRI,1
1032,20240501,13d,gl2,2,2,DRI,2
1033,20240501,13d,gl2,2,3,DRI,2.5
1034,20240501,13d,gl2,2,4,DRI,3
1035,20240501,13d,gl2,2,5,DRI,1.5
1036,20240501,13d,gl2,2,1,DRI,1.5
1037,20240501,13d,gl2,2,2,DRI,3
1038,20240501,13d,gl2,2,3,DRI,3
1039,20240501,13d,gl2,2,4,DRI,4.5
1040,20240501,13d,gl2,2,5,DRI,1.5
1041,20240501,13d,AR,1,1,DRI,1
1042,20240501,13d,AR,1,2,DRI,3
1043,20240501,13d,AR,1,3,DRI,3.5
1044,20240501,13d,AR,1,4,DRI,5
1045,20240501,13d,AR,1,5,DRI,3
1046,20240501,13d,AR,1,1,DRI,1
1047,20240501,13d,AR,1,2,DRI,3
1048,20240501,13d,AR,1,3,DRI,3.5
1049,20240501,13d,AR,1,4,DRI,3
1050,20240501,13d,AR,1,5,DRI,1.5
1051,20240501,13d,AR,2,1,DRI,2
1052,20240501,13d,AR,2,2,DRI,4
1053,20240501,13d,AR,2,3,DRI,4
1054,20240501,13d,AR,2,4,DRI,2.5
1055,20240501,13d,AR,2,5,DRI,1
1056,20240501,13d,AR,2,1,DRI,2
1057,20240501,13d,AR,2,2,DRI,3.5
1058,20240501,13d,AR,2,3,DRI,3.5
1059,20240501,13d,AR,2,4,DRI,3
1060,20240501,13d,AR,2,5,DRI,3.5
1061,20240501,14d,buffer,1,1,DRI,
1062,20240501,14d,buffer,1,2,DRI,
1063,20240501,14d,buffer,1,3,DRI,
1064,20240501,14d,buffer,1,4,DRI,
1065,20240501,14d,buffer,1,5,DRI,
1066,20240501,14d,buffer,1,1,DRI,
1067,20240501,14d,buffer,1,2,DRI,
1068,20240501,14d,buffer,1,3,DRI,
1069,20240501,14d,buffer,1,4,DRI,
1070,20240501,14d,buffer,1,5,DRI,
1071,20240501,14d,buffer,2,1,DRI,
1072,20240501,14d,buffer,2,2,DRI,
1073,20240501,14d,buffer,2,3,DRI,
1074,20240501,14d,buffer,2,4,DRI,
1075,20240501,14d,buffer,2,5,DRI,
1076,20240501,14d,buffer,2,1,DRI,
1077,20240501,14d,buffer,2,2,DRI,
1078,20240501,14d,buffer,2,3,DRI,
1079,20240501,14d,buffer,2,4,DRI,
1080,20240501,14d,buffer,2,5,DRI,
1081,20240501,14d,4F10,1,1,DRI,
1082,20240501,14d,4F10,1,2,DRI,
1083,20240501,14d,4F10,1,3,DRI,
1084,20240501,14d,4F10,1,4,DRI,
1085,20240501,14d,4F10,1,5,DRI,
1086,20240501,14d,4F10,1,1,DRI,
1087,20240501,14d,4F10,1,2,DRI,
1088,20240501,14d,4F10,1,3,DRI,
1089,20240501,14d,4F10,1,4,DRI,
1090,20240501,14d,4F10,1,5,DRI,
1091,20240501,14d,4F10,2,1,DRI,
1092,20240501,14d,4F10,2,2,DRI,
1093,20240501,14d,4F10,2,3,DRI,
1094,20240501,14d,4F10,2,4,DRI,
1095,20240501,14d,4F10,2,5,DRI,
1096,20240501,14d,4F10,2,1,DRI,
1097,20240501,14d,4F10,2,2,DRI,
1098,20240501,14d,4F10,2,3,DRI,
1099,20240501,14d,4F10,2,4,DRI,
1100,20240501,14d,4F10,2,5,DRI,
1101,20240501,14d,5A12,1,1,DRI,
1102,20240501,14d,5A12,1,2,DRI,
1103,20240501,14d,5A12,1,3,DRI,
1104,20240501,14d,5A12,1,4,DRI,
1105,20240501,14d,5A12,1,5,DRI,
1106,20240501,14d,5A12,1,1,DRI,
1107,20240501,14d,5A12,1,2,DRI,
1108,20240501,14d,5A12,1,3,DRI,
1109,20240501,14d,5A12,1,4,DRI,
1110,20240501,14d,5A12,1,5,DRI,
1111,20240501,14d,5A12,2,1,DRI,
1112,20240501,14d,5A12,2,2,DRI,
1113,20240501,14d,5A12,2,3,DRI,
1114,20240501,14d,5A12,2,4,DRI,
1115,20240501,14d,5A12,2,5,DRI,
1116,20240501,14d,5A12,2,1,DRI,
1117,20240501,14d,5A12,2,2,DRI,
1118,20240501,14d,5A12,2,3,DRI,
1119,20240501,14d,5A12,2,4,DRI,
1120,20240501,14d,5A12,2,5,DRI,
1121,20240501,14d,10C12,1,1,DRI,
1122,20240501,14d,10C12,1,2,DRI,
1123,20240501,14d,10C12,1,3,DRI,
1124,20240501,14d,10C12,1,4,DRI,
1125,20240501,14d,10C12,1,5,DRI,
1126,20240501,14d,10C12,1,1,DRI,
1127,20240501,14d,10C12,1,2,DRI,
1128,20240501,14d,10C12,1,3,DRI,
1129,20240501,14d,10C12,1,4,DRI,
1130,20240501,14d,10C12,1,5,DRI,
1131,20240501,14d,10C12,2,1,DRI,
1132,20240501,14d,10C12,2,2,DRI,
1133,20240501,14d,10C12,2,3,DRI,
1134,20240501,14d,10C12,2,4,DRI,
1135,20240501,14d,10C12,2,5,DRI,
1136,20240501,14d,10C12,2,1,DRI,
1137,20240501,14d,10C12,2,2,DRI,
1138,20240501,14d,10C12,2,3,DRI,
1139,20240501,14d,10C12,2,4,DRI,
1140,20240501,14d,10C12,2,5,DRI,
1141,20240501,14d,gl2,1,1,DRI,
1142,20240501,14d,gl2,1,2,DRI,
1143,20240501,14d,gl2,1,3,DRI,
1144,20240501,14d,gl2,1,4,DRI,
1145,20240501,14d,gl2,1,5,DRI,
1146,20240501,14d,gl2,1,1,DRI,
1147,20240501,14d,gl2,1,2,DRI,
1148,20240501,14d,gl2,1,3,DRI,
1149,20240501,14d,gl2,1,4,DRI,
1150,20240501,14d,gl2,1,5,DRI,
1151,20240501,14d,gl2,2,1,DRI,
1152,20240501,14d,gl2,2,2,DRI,
1153,20240501,14d,gl2,2,3,DRI,
1154,20240501,14d,gl2,2,4,DRI,
1155,20240501,14d,gl2,2,5,DRI,
1156,20240501,14d,gl2,2,1,DRI,
1157,20240501,14d,gl2,2,2,DRI,
1158,20240501,14d,gl2,2,3,DRI,
1159,20240501,14d,gl2,2,4,DRI,
1160,20240501,14d,gl2,2,5,DRI,
1161,20240501,14d,AR,1,1,DRI,
1162,20240501,14d,AR,1,2,DRI,
1163,20240501,14d,AR,1,3,DRI,
1164,20240501,14d,AR,1,4,DRI,
1165,20240501,14d,AR,1,5,DRI,
1166,20240501,14d,AR,1,1,DRI,
1167,20240501,14d,AR,1,2,DRI,
1168,20240501,14d,AR,1,3,DRI,
1169,20240501,14d,AR,1,4,DRI,
1170,20240501,14d,AR,1,5,DRI,
1171,20240501,14d,AR,2,1,DRI,
1172,20240501,14d,AR,2,2,DRI,
1173,20240501,14d,AR,2,3,DRI,
1174,20240501,14d,AR,2,4,DRI,
1175,20240501,14d,AR,2,5,DRI,
1176,20240501,14d,AR,2,1,DRI,
1177,20240501,14d,AR,2,2,DRI,
1178,20240501,14d,AR,2,3,DRI,
1179,20240501,14d,AR,2,4,DRI,
1180,20240501,14d,AR,2,5,DRI,
1181,20240501,14d,DER,2,1,DRI,
1182,20240501,14d,DER,2,2,DRI,
1183,20240501,14d,DER,2,3,DRI,
1184,20240501,14d,DER,2,4,DRI,
1185,20240501,14d,DER,2,5,DRI,
1186,20240501,14d,DER,2,1,DRI,
1187,20240501,14d,DER,2,2,DRI,
1188,20240501,14d,DER,2,3,DRI,
1189,20240501,14d,DER,2,4,DRI,
1190,20240501,14d,DER,2,5,DRI,
1191,20240501,14d,DER,1,1,DRI,
1192,20240501,14d,DER,1,2,DRI,
1193,20240501,14d,DER,1,3,DRI,
1194,20240501,14d,DER,1,4,DRI,
1195,20240501,14d,DER,1,5,DRI,
1196,20240501,14d,DER,1,1,DRI,
1197,20240501,14d,DER,1,2,DRI,
1198,20240501,14d,DER,1,3,DRI,
1199,20240501,14d,DER,1,4,DRI,
1200,20240501,14d,DER,1,5,DRI,
1201,20240501,15d,buffer,1,1,DRI,
1202,20240501,15d,buffer,1,2,DRI,
1203,20240501,15d,buffer,1,3,DRI,
1204,20240501,15d,buffer,1,4,DRI,
1205,20240501,15d,buffer,1,5,DRI,
1206,20240501,15d,buffer,1,1,DRI,
1207,20240501,15d,buffer,1,2,DRI,
1208,20240501,15d,buffer,1,3,DRI,
1209,20240501,15d,buffer,1,4,DRI,
1210,20240501,15d,buffer,1,5,DRI,
1211,20240501,15d,buffer,2,1,DRI,
1212,20240501,15d,buffer,2,2,DRI,
1213,20240501,15d,buffer,2,3,DRI,
1214,20240501,15d,buffer,2,4,DRI,
1215,20240501,15d,buffer,2,5,DRI,
1216,20240501,15d,buffer,2,1,DRI,
1217,20240501,15d,buffer,2,2,DRI,
1218,20240501,15d,buffer,2,3,DRI,
1219,20240501,15d,buffer,2,4,DRI,
1220,20240501,15d,buffer,2,5,DRI,
1221,20240501,15d,4F10,1,1,DRI,
1222,20240501,15d,4F10,1,2,DRI,
1223,20240501,15d,4F10,1,3,DRI,
1224,20240501,15d,4F10,1,4,DRI,
1225,20240501,15d,4F10,1,5,DRI,
1226,20240501,15d,4F10,1,1,DRI,
1227,20240501,15d,4F10,1,2,DRI,
1228,20240501,15d,4F10,1,3,DRI,
1229,20240501,15d,4F10,1,4,DRI,
1230,20240501,15d,4F10,1,5,DRI,
1231,20240501,15d,4F10,2,1,DRI,
1232,20240501,15d,4F10,2,2,DRI,
1233,20240501,15d,4F10,2,3,DRI,
1234,20240501,15d,4F10,2,4,DRI,
1235,20240501,15d,4F10,2,5,DRI,
1236,20240501,15d,4F10,2,1,DRI,
1237,20240501,15d,4F10,2,2,DRI,
1238,20240501,15d,4F10,2,3,DRI,
1239,20240501,15d,4F10,2,4,DRI,
1240,20240501,15d,4F10,2,5,DRI,
1241,20240501,15d,5A12,1,1,DRI,
1242,20240501,15d,5A12,1,2,DRI,
1243,20240501,15d,5A12,1,3,DRI,
1244,20240501,15d,5A12,1,4,DRI,
1245,20240501,15d,5A12,1,5,DRI,
1246,20240501,15d,5A12,1,1,DRI,
1247,20240501,15d,5A12,1,2,DRI,
1248,20240501,15d,5A12,1,3,DRI,
1249,20240501,15d,5A12,1,4,DRI,
1250,20240501,15d,5A12,1,5,DRI,
1251,20240501,15d,5A12,2,1,DRI,
1252,20240501,15d,5A12,2,2,DRI,
1253,20240501,15d,5A12,2,3,DRI,
1254,20240501,15d,5A12,2,4,DRI,
1255,20240501,15d,5A12,2,5,DRI,
1256,20240501,15d,5A12,2,1,DRI,
1257,20240501,15d,5A12,2,2,DRI,
1258,20240501,15d,5A12,2,3,DRI,
1259,20240501,15d,5A12,2,4,DRI,
1260,20240501,15d,5A12,2,5,DRI,
1261,20240501,15d,10C12,1,1,DRI,
1262,20240501,15d,10C12,1,2,DRI,
1263,20240501,15d,10C12,1,3,DRI,
1264,20240501,15d,10C12,1,4,DRI,
1265,20240501,15d,10C12,1,5,DRI,
1266,20240501,15d,10C12,1,1,DRI,
1267,20240501,15d,10C12,1,2,DRI,
1268,20240501,15d,10C12,1,3,DRI,
1269,20240501,15d,10C12,1,4,DRI,
1270,20240501,15d,10C12,1,5,DRI,
1271,20240501,15d,10C12,2,1,DRI,
1272,20240501,15d,10C12,2,2,DRI,
1273,20240501,15d,10C12,2,3,DRI,
1274,20240501,15d,10C12,2,4,DRI,
1275,20240501,15d,10C12,2,5,DRI,
1276,20240501,15d,10C12,2,1,DRI,
1277,20240501,15d,10C12,2,2,DRI,
1278,20240501,15d,10C12,2,3,DRI,
1279,20240501,15d,10C12,2,4,DRI,
1280,20240501,15d,10C12,2,5,DRI,
1281,20240501,15d,gl2,1,1,DRI,
1282,20240501,15d,gl2,1,2,DRI,
1283,20240501,15d,gl2,1,3,DRI,
1284,20240501,15d,gl2,1,4,DRI,
1285,20240501,15d,gl2,1,5,DRI,
1286,20240501,15d,gl2,1,1,DRI,
1287,20240501,15d,gl2,1,2,DRI,
1288,20240501,15d,gl2,1,3,DRI,
1289,20240501,15d,gl2,1,4,DRI,
1290,20240501,15d,gl2,1,5,DRI,
1291,20240501,15d,gl2,2,1,DRI,
1292,20240501,15d,gl2,2,2,DRI,
1293,20240501,15d,gl2,2,3,DRI,
1294,20240501,15d,gl2,2,4,DRI,
1295,20240501,15d,gl2,2,5,DRI,
1296,20240501,15d,gl2,2,1,DRI,
1297,20240501,15d,gl2,2,2,DRI,
1298,20240501,15d,gl2,2,3,DRI,
1299,20240501,15d,gl2,2,4,DRI,
1300,20240501,15d,gl2,2,5,DRI,
1301,20240501,15d,AR,1,1,DRI,
1302,20240501,15d,AR,1,2,DRI,
1303,20240501,15d,AR,1,3,DRI,
1304,20240501,15d,AR,1,4,DRI,
1305,20240501,15d,AR,1,5,DRI,
1306,20240501,15d,AR,1,1,DRI,
1307,20240501,15d,AR,1,2,DRI,
1308,20240501,15d,AR,1,3,DRI,
1309,20240501,15d,AR,1,4,DRI,
1310,20240501,15d,AR,1,5,DRI,
1311,20240501,15d,AR,2,1,DRI,
1312,20240501,15d,AR,2,2,DRI,
1313,20240501,15d,AR,2,3,DRI,
1314,20240501,15d,AR,2,4,DRI,
1315,20240501,15d,AR,2,5,DRI,
1316,20240501,15d,AR,2,1,DRI,
1317,20240501,15d,AR,2,2,DRI,
1318,20240501,15d,AR,2,3,DRI,
1319,20240501,15d,AR,2,4,DRI,
1320,20240501,15d,AR,2,5,DRI,
1321,20240501,15d,DER,2,1,DRI,
1322,20240501,15d,DER,2,2,DRI,
1323,20240501,15d,DER,2,3,DRI,
1324,20240501,15d,DER,2,4,DRI,
1325,20240501,15d,DER,2,5,DRI,
1326,20240501,15d,DER,2,1,DRI,
1327,20240501,15d,DER,2,2,DRI,
1328,20240501,15d,DER,2,3,DRI,
1329,20240501,15d,DER,2,4,DRI,
1330,20240501,15d,DER,2,5,DRI,
1331,20240501,15d,DER,1,1,DRI,
1332,20240501,15d,DER,1,2,DRI,
1333,20240501,15d,DER,1,3,DRI,
1334,20240501,15d,DER,1,4,DRI,
1335,20240501,15d,DER,1,5,DRI,
1336,20240501,15d,DER,1,1,DRI,
1337,20240501,15d,DER,1,2,DRI,
1338,20240501,15d,DER,1,3,DRI,
1339,20240501,15d,DER,1,4,DRI,
1340,20240501,15d,DER,1,5,DRI,